feature,importance
TV,0.5174953786672359
Radio,0.33087408715063243
Newspaper,0.15163053418213146
