feature,importance
TV,0.596735762763986
Radio,0.2764706870557612
Newspaper,0.1267935501802528
